{"_default": {"1": {"elec1": 0.8428774476051331, "elec2": 0.5742442607879639}}}